{"cameraMode":{"drawMode":0,"name":"Shaded","section":"Shading Mode"},"sceneLighting":true,"audioPlay":false,"sceneViewState":{"showFog":true,"showMaterialUpdate":false,"showSkybox":true,"showFlares":true,"showImageEffects":true,"showParticleSystems":true},"in2DMode":false,"pivot":{"x":0.6528967022895813,"y":0.39021778106689455,"z":1.17123544216156},"rotation":{"x":0.17151454091072083,"y":0.03870325908064842,"z":-0.0067435260862112049,"w":0.9844013452529907},"size":3.947852849960327,"orthographic":false}